{
    "cervezas": [
      {
        "id": 1,
        "nombre": "Heineken",
        "tipo": "Lager",
        "origen": "Países Bajos",
        "alcohol": 5.0,
        "precio": 1.50
      },
      {
        "id": 2,
        "nombre": "Guinness",
        "tipo": "Stout",
        "origen": "Irlanda",
        "alcohol": 4.2,
        "precio": 2.00
      },
      {
        "id": 3,
        "nombre": "Paulaner",
        "tipo": "Weißbier",
        "origen": "Alemania",
        "alcohol": 5.5,
        "precio": 2.50
      },
      {
        "id": 4,
        "nombre": "Budweiser",
        "tipo": "Lager",
        "origen": "Estados Unidos",
        "alcohol": 5.0,
        "precio": 1.80
      },
      {
        "id": 5,
        "nombre": "Estrella Galicia",
        "tipo": "Pale Lager",
        "origen": "España",
        "alcohol": 5.5,
        "precio": 1.70
      },
      {
        "id": 6,
        "nombre": "Corona",
        "tipo": "Pale Lager",
        "origen": "México",
        "alcohol": 4.5,
        "precio": 1.90
      },
      {
        "id": 7,
        "nombre": "Mahou 5 Estrellas",
        "tipo": "Lager",
        "origen": "España",
        "alcohol": 5.5,
        "precio": 1.60
      },
      {
        "id": 8,
        "nombre": "Leffe Blonde",
        "tipo": "Belgian Blonde Ale",
        "origen": "Bélgica",
        "alcohol": 6.6,
        "precio": 2.30
      },
      {
        "id": 9,
        "nombre": "Duvel",
        "tipo": "Belgian Strong Ale",
        "origen": "Bélgica",
        "alcohol": 8.5,
        "precio": 3.00
      },
      {
        "id": 10,
        "nombre": "Modelo Especial",
        "tipo": "Pilsner",
        "origen": "México",
        "alcohol": 4.4,
        "precio": 2.00
      }
    ]
  }
  